"1";"1";"Bas Rhin";"67";"bas-rhin";"dans le"
"2";"1";"Haut Rhin";"68";"haut-rhin";"dans le"
"3";"2";"Dordogne";"24";"dordogne";"en"
"4";"2";"Gironde";"33";"gironde";"en"
"5";"2";"Landes";"40";"landes";"dans les"
"6";"2";"Lot et Garonne";"47";"lot-et-garonne";"en"
"7";"2";"Pyrénées Atlantiques";"64";"pyrenees-atlantiques";"en"
"8";"3";"Allier";"03";"allier";"dans l'"
"9";"3";"Cantal";"15";"cantal";"dans le"
"10";"3";"Haute Loire";"43";"haute-loire";"en"
"11";"3";"Puy de Dôme";"63";"puy-de-dome";"dans le"
"12";"4";"Côte d'Or";"21";"cote-d-or";"en"
"13";"4";"Nièvre";"58";"nievre";"dans la"
"14";"4";"Saône et Loire";"71";"saone-et-loire";"en"
"15";"4";"Yonne";"89";"yonne";"dans l'"
"16";"5";"Côtes d'Armor";"22";"cotes-d-armor";"en"
"17";"5";"Finistère";"29";"finistere";"dans le"
"18";"5";"Ille et Vilaine";"35";"ille-et-vilaine";"en"
"19";"5";"Morbihan";"56";"morbihan";"dans le"
"20";"6";"Cher";"18";"cher";"dans le"
"21";"6";"Eure et Loir";"28";"eure-et-loir";"dans l'"
"22";"6";"Indre";"36";"indre";"en"
"23";"6";"Indre et Loire";"37";"indre-et-loire";"en"
"24";"6";"Loir et Cher";"41";"loir-et-cher";"dans le"
"25";"6";"Loiret";"45";"loiret";"dans le"
"26";"7";"Ardennes";"08";"ardennes";"dans les"
"27";"7";"Aube";"10";"aube";"dans l'"
"28";"7";"Marne";"51";"marne";"dans la"
"29";"7";"Haute Marne";"52";"haute-marne";"en"
"30";"8";"Corse du Sud";"2A";"corse-du-sud";"en"
"31";"8";"Haute Corse";"2B";"haute-corse";"en"
"32";"9";"Doubs";"25";"doubs";"dans le"
"33";"9";"Jura";"39";"jura";"dans le"
"34";"9";"Haute Saône";"70";"haute-saone";"en"
"35";"9";"Territoire de Belfort";"90";"territoire-de-belfort";"dans le"
"36";"10";"Paris";"75";"paris";"à"
"37";"10";"Essonne";"91";"essonne";"en"
"38";"10";"Hauts de Seine";"92";"hauts-de-seine";"dans les"
"39";"10";"Seine Saint Denis";"93";"seine-saint-denis";"en"
"40";"10";"Seine et Marne";"77";"seine-et-marne";"en"
"41";"10";"Val de Marne";"94";"val-de-marne";"dans le"
"42";"10";"Val d'Oise";"95";"val-d-oise";"dans le"
"43";"10";"Yvelines";"78";"yvelines";"dans les"
"44";"11";"Aude";"11";"aude";"dans l'"
"45";"11";"Gard";"30";"gard";"dans le"
"46";"11";"Hérault";"34";"herault";"dans l'"
"47";"11";"Lozère";"48";"lozere";"en"
"48";"11";"Pyrénées Orientales";"66";"pyrenees-orientales";"en"
"49";"12";"Corrèze";"19";"correze";"en"
"50";"12";"Creuse";"23";"creuse";"dans la"
"51";"12";"Haute Vienne";"87";"haute-vienne";"en"
"52";"13";"Meurthe et Moselle";"54";"meurthe-et-moselle";"en"
"53";"13";"Meuse";"55";"meuse";"en"
"54";"13";"Moselle";"57";"moselle";"en"
"55";"13";"Vosges";"88";"vosges";"dans les"
"56";"14";"Ariège";"09";"ariege";"en"
"57";"14";"Aveyron";"12";"aveyron";"en"
"58";"14";"Haute Garonne";"31";"haute-garonne";"en"
"59";"14";"Gers";"32";"gers";"dans le"
"60";"14";"Lot";"46";"lot";"dans le"
"61";"14";"Hautes Pyrénées";"65";"hautes-pyrenees";"en"
"62";"14";"Tarn";"81";"tarn";"dans le"
"63";"14";"Tarn et Garonne";"82";"tarn-et-garonne";"dans le"
"64";"15";"Nord";"59";"nord";"dans le"
"65";"15";"Pas de Calais";"62";"pas-de-calais";"dans le"
"66";"16";"Calvados";"14";"calvados";"dans le"
"67";"16";"Manche";"50";"manche";"en"
"68";"16";"Orne";"61";"orne";"dans l'"
"69";"17";"Eure";"27";"eure";"dans l'"
"70";"17";"Seine Maritime";"76";"seine-maritime";"en"
"71";"18";"Loire Atlantique";"44";"loire-atlantique";"en"
"72";"18";"Maine et Loire";"49";"maine-et-loire";"dans le"
"73";"18";"Mayenne";"53";"mayenne";"en"
"74";"18";"Sarthe";"72";"sarthe";"dans la"
"75";"18";"Vendée";"85";"vendee";"en"
"76";"19";"Aisne";"02";"aisne";"dans l'"
"77";"19";"Oise";"60";"oise";"dans l'"
"78";"19";"Somme";"80";"somme";"dans la"
"79";"20";"Charente";"16";"charente";"en"
"80";"20";"Charente Maritime";"17";"charente-maritime";"en"
"81";"20";"Deux Sèvres";"79";"deux-sevres";"en"
"82";"20";"Vienne";"86";"vienne";"dans la"
"83";"21";"Alpes de Haute Provence";"04";"alpes-de-haute-provence";"en"
"84";"21";"Hautes Alpes";"05";"hautes-alpes";"dans les"
"85";"21";"Alpes Maritimes";"06";"alpes-maritimes";"en"
"86";"21";"Bouches du Rhône";"13";"bouches-du-rhone";"dans les"
"87";"21";"Var";"83";"var";"dans le"
"88";"21";"Vaucluse";"84";"vaucluse";"dans le"
"89";"22";"Ain";"01";"ain";"dans l'"
"90";"22";"Ardèche";"07";"ardeche";"en"
"91";"22";"Drôme";"26";"drome";"dans la"
"92";"22";"Isère";"38";"isere";"en"
"93";"22";"Loire";"42";"loire";"en"
"94";"22";"Rhône";"69";"rhone";"dans le"
"95";"22";"Savoie";"73";"savoie";"en"
"96";"22";"Haute Savoie";"74";"haute-savoie";"en"
"97";"23";"Guyane";"973";"guyane";"en"
"98";"23";"Guadeloupe";"971";"guadeloupe";"en"
"99";"23";"Martinique";"972";"martinique";"en"
"100";"23";"Réunion";"974";"reunion";"à la"
"101";"23";"Polynésie Française";"987";"polynesie-francaise";"dans la"
